{"stats":{"minecraft:killed_by":{"minecraft:skeleton":1},"minecraft:killed":{"minecraft:pig":2},"minecraft:mined":{"minecraft:grass":42,"minecraft:grass_block":14,"minecraft:tall_grass":6,"minecraft:dandelion":1,"minecraft:oak_leaves":5},"minecraft:picked_up":{"minecraft:wheat_seeds":6,"minecraft:dandelion":1,"minecraft:porkchop":3,"minecraft:dirt":14},"minecraft:dropped":{"minecraft:wheat_seeds":2},"minecraft:used":{"minecraft:dirt":14,"minecraft:porkchop":3,"minecraft:dandelion":1},"minecraft:custom":{"minecraft:time_since_rest":122,"minecraft:crouch_one_cm":747,"minecraft:sprint_one_cm":43076,"minecraft:play_time":12036,"minecraft:deaths":2,"minecraft:damage_taken":505,"minecraft:walk_one_cm":7960,"minecraft:sneak_time":176,"minecraft:mob_kills":2,"minecraft:drop":2,"minecraft:jump":481,"minecraft:damage_dealt":375,"minecraft:leave_game":1,"minecraft:time_since_death":73,"minecraft:total_world_time":12036,"minecraft:fall_one_cm":15610,"minecraft:fly_one_cm":106381}},"DataVersion":3465}