{"stats":{"minecraft:custom":{"minecraft:jump":71,"minecraft:time_since_rest":5026,"minecraft:crouch_one_cm":8,"minecraft:damage_dealt":35,"minecraft:sprint_one_cm":10532,"minecraft:leave_game":4,"minecraft:play_time":5026,"minecraft:damage_taken":40,"minecraft:time_since_death":5026,"minecraft:walk_one_cm":2728,"minecraft:sneak_time":5,"minecraft:total_world_time":5026,"minecraft:fall_one_cm":4046,"minecraft:fly_one_cm":17064},"minecraft:mined":{"minecraft:grass":52,"minecraft:grass_block":5},"minecraft:picked_up":{"minecraft:wheat_seeds":2,"minecraft:acacia_log":1,"minecraft:dirt":4}},"DataVersion":3465}